age,income,score,tenure,region,product
37.43773663803545,66366.3467577669,0.6470717981433252,8.0,West,B
26.680127150076036,60742.21978366023,0.3423624333000541,9.0,West,C
41.00360956645166,41366.23720058252,0.40815666823101304,4.0,East,A
42.52451773112971,31969.958527509236,0.4400501082335524,15.0,South,B
19.391718490769307,14425.653945900185,0.12580701831228525,11.0,West,B
24.582563945101455,43478.05390480839,0.09172367905900669,14.0,East,A
36.02272322533828,79044.98014696882,0.6674899231467579,2.0,East,B
32.47005926125134,55218.61125756377,0.6555177383430523,16.0,West,B
34.86559073996569,43285.13256740612,0.6629097142100953,4.0,West,C
28.17564857941136,55580.96251400367,0.019766445342691674,8.0,North,C
42.03518379890263,31268.499764066684,0.3265468426717799,8.0,West,A
41.222335483431586,46432.11964762837,0.19780984725919692,16.0,West,A
35.52824558048973,51193.729676188865,0.7781514225440124,5.0,North,B
44.01792965574426,48966.79217814742,0.8606304013961301,4.0,South,A
38.74007473801637,59489.67346028097,0.24668037722614733,6.0,West,A
28.125660296934093,54135.74271483263,0.6678491588479863,7.0,North,C
37.95000627265999,58019.91221729596,0.12936280345827444,3.0,South,A
27.328939193368008,41739.532613230884,0.2751525256017133,3.0,East,A
42.02760241045818,60773.78490092658,0.13865449623341952,4.0,East,C
34.60059271210998,69547.2433714879,0.2835207665992292,9.0,West,A
33.52110109163792,38358.20576418305,0.6747365473492779,6.0,North,A
29.55256364476847,39347.65213142528,0.9103269101852525,7.0,South,C
44.780330709392246,66029.41203584279,0.20252240792418597,14.0,West,A
33.763764143449585,47703.87215965927,0.5420790349507192,4.0,East,A
31.573377422695142,66845.85670479869,0.7013911012434323,18.0,North,A
32.182931596094164,44689.571457293794,0.9529224684855657,15.0,South,C
39.25847348442679,67460.54691524853,0.6100604828871738,3.0,South,A
37.92355251491263,51577.82980166542,0.2551069310273807,6.0,East,B
38.301860892767905,53098.745879872346,0.6254781569139363,3.0,South,A
38.44656802406306,68776.61626003885,0.32049116167801617,5.0,East,A
52.13318080696369,45658.754270669946,0.9761283906917078,7.0,South,C
31.748679868923077,38706.5348489005,0.39967613516363687,2.0,East,B
30.9020581674277,44617.22950365975,0.6854277207610142,0.0,North,C
28.48981817401698,55428.00740771766,0.02322758234675848,8.0,East,A
39.927835380603966,31210.89113383383,0.40006144613475536,14.0,West,B
44.03177834176714,57649.65083181346,0.8751076133225116,6.0,North,C
34.088420338761,43534.74418858708,0.6102274444332458,17.0,South,A
28.278748184299776,63773.75192880276,0.44394288639597634,7.0,East,A
28.404150274470084,21268.87634119434,0.9359374994357259,18.0,East,C
40.20474230259761,40561.21069874998,0.8539843761472291,4.0,East,A
40.946033369627536,29762.382185190778,0.32221567382293825,10.0,East,B
39.34523414644156,40085.24640363257,0.5445484020413396,15.0,East,C
29.675922341690445,52971.99081330732,0.4898242560924627,1.0,East,A
36.85729058453376,47849.28049460294,0.6322025001148623,18.0,North,A
35.933486473125825,46959.46917262382,0.3341112669587556,7.0,West,A
36.749508773832105,48089.78154343927,0.24420500076588825,9.0,South,A
41.97143022358552,52440.65888743932,0.9126718352555361,12.0,North,A
36.78876439019746,37897.56749668271,0.9238744994985063,12.0,South,B
40.431308504575156,58482.19569078861,0.843322885761979,0.0,South,A
35.54063255591113,57951.99164462581,0.9782044307645613,17.0,North,B
37.312955189519876,54620.45525187321,0.7449915257796885,12.0,West,A
40.05030580670832,56678.40131301516,0.7646672285619996,19.0,North,A
23.34275344115467,53557.01600970391,0.7625900919626407,9.0,South,A
32.44263026914159,74420.8796327728,0.4806076309423065,12.0,South,B
31.237018765657638,48954.86994736988,0.45645219451427166,8.0,West,A
29.888977214053263,46315.00137998508,0.24022627614900316,17.0,East,A
32.79886199018653,40957.669035711464,0.6448191943592905,16.0,West,C
46.95953048987516,37612.84795306596,0.28932013610233454,18.0,North,B
28.073351074454052,35066.3385487871,0.2578084097023544,10.0,West,A
42.74622683673185,39334.43224122898,0.5859613740960548,15.0,West,C
21.537041827073562,49151.83542017514,0.4099823882250432,7.0,South,A
32.3209197601138,54011.541541972576,0.2188566087946322,9.0,East,A
36.30202452084004,50613.70470262594,0.8160560167528311,15.0,North,A
39.689778650874224,40813.576670843446,0.860569919294376,1.0,West,A
40.68981263834284,60802.21476823956,0.16769951967778096,14.0,West,A
41.3467778815994,58872.95206761137,0.007507032799999869,0.0,South,B
32.2101994220125,48084.220310935794,0.3361299685293737,11.0,East,A
31.301185658683462,42165.006264023454,0.7975108356807525,9.0,South,C
41.86380705005723,56581.13504995759,0.8391738662343244,9.0,North,C
33.46956540094708,52255.68304983326,0.13832907011604922,9.0,East,B
24.794509413296623,32622.47288701943,0.7743359011830512,9.0,East,B
25.933702287972153,49184.23692818714,0.11570416730942945,8.0,West,B
27.64438171198711,53144.42974489257,0.3900625901565292,9.0,West,C
38.977285952430115,39203.66256214696,0.9986095150119159,11.0,South,A
36.139405888564525,52278.12071404931,0.1925908232309098,15.0,West,A
40.52388283254214,32542.130176906532,0.15396358257762643,11.0,East,B
31.581978829307726,66034.23320014605,0.4228003325467935,12.0,East,B
36.268317528613714,64975.39982071318,0.6196685259698614,16.0,East,A
40.004723151738695,46969.79198836442,0.9329007824132532,19.0,West,B
32.525227682238096,54361.452054068875,0.9808211455330342,2.0,East,A
38.65420190045929,21080.9364104015,0.06964063659139463,14.0,North,C
29.70459247146679,36123.828076816004,0.13799751734790533,4.0,North,A
32.09556922747942,46474.65295817444,0.7907379738959939,3.0,South,A
31.94609684801337,37134.40374287769,0.27063215227086046,15.0,East,A
25.433282835287685,58572.75779156791,0.8848490595063606,1.0,East,A
38.895779846284654,73967.55836897592,0.6634532572290868,16.0,South,A
31.24478127837821,35880.62336684838,0.11184480238067718,15.0,East,A
35.0999529498215,39950.43915097769,0.8325292849240071,19.0,West,A
38.845973271247274,52825.380419719164,0.17635638000807585,13.0,South,A
38.57224940823955,69333.39378199544,0.4234953946796538,17.0,South,A
40.32308087178229,35331.50824952116,0.55218492855933,2.0,East,A
34.21211612392461,52988.4334676833,0.5007661490802783,17.0,South,A
31.61361350364677,71855.58620975731,0.6861629156151504,3.0,West,A
34.36225431274881,30178.890221848793,0.6526867348692552,6.0,West,A
21.50132452833576,34627.169517850016,0.9920420055280549,2.0,East,A
23.423100220615304,44916.72072246994,0.9994219092241878,8.0,South,A
24.41840310116478,43752.93904573507,0.5164594026356409,14.0,East,B
27.022025379188147,59751.21545304373,0.09519908696086399,5.0,North,C
38.19819381378749,52899.91663785006,0.7278432989687184,16.0,South,C
27.756167557119515,28700.45528429446,0.9766640782165892,12.0,North,B
31.974699567684883,56184.92483480973,0.3183263876290203,12.0,North,B
45.39382638228852,43069.53335173219,0.4612088858375738,18.0,North,A
32.14988823150859,65293.36660329487,0.4247769248154559,8.0,East,B
40.900124547736695,42468.94956275696,0.05141915455692936,6.0,North,B
27.531058559920986,42360.616602773174,0.6722644312234448,19.0,East,C
33.35649953705896,56493.57932965438,0.3533376950684678,11.0,South,C
27.39982356071535,59155.11778804324,0.7874638746315022,12.0,South,A
32.2877353927955,55377.19236723444,0.8321200752819861,5.0,West,B
41.72246509965916,29772.832191382302,0.8212307865978454,4.0,East,C
21.181436614461212,56456.413279139015,0.41666599803988014,3.0,East,A
38.47538914836686,37588.303379907215,0.3215456822408995,4.0,East,C
36.901884818658225,52823.31333905916,0.7488207796670548,3.0,North,A
30.246800354425645,32915.18677521128,0.801389433842723,14.0,North,C
23.43153716489236,55355.865770516764,0.49125744639136615,1.0,East,B
35.577036061710956,40320.81314831153,0.893031019536303,12.0,West,A
30.76405832748958,34608.38419687374,0.14390869607855827,18.0,North,B
36.86140969083763,58565.84163778879,0.8790687796589601,15.0,North,A
35.174817164187544,52899.73426012102,0.09609523297188127,8.0,West,B
47.81423113056732,42632.27838328524,0.1535255220546139,1.0,West,B
33.085154980215805,67414.14618825277,0.5338400132739604,16.0,North,B
26.81202005902508,44712.17094116309,0.06751848018741502,0.0,South,C
36.43420507965053,50385.292087651214,0.05280710140011036,13.0,East,A
36.759973471774124,53226.96137214321,0.0005187441657055203,13.0,North,A
45.873500601923496,42564.00879045664,0.43631665969426314,3.0,South,A
41.68088996731663,55653.63552079915,0.7746238812922298,14.0,South,A
37.854968473196074,43598.57183402331,0.034838350279915664,3.0,East,A
46.706423129756494,45060.34013340549,0.6522576064658554,4.0,South,A
25.489895565417193,66351.7116776401,0.8231273174161865,16.0,South,A
29.881987738002017,37512.967369850805,0.16800084857787112,19.0,South,A
27.5873924687558,21046.63602884612,0.14686373482140425,5.0,West,C
31.881521574753855,69331.24394014273,0.8608009736205361,18.0,North,A
23.98651081954953,80591.93543128403,0.8231246099500947,18.0,North,C
40.08120757451523,45136.76881460802,0.5389417662641869,15.0,North,A
33.22221842320981,26757.943512557777,0.8191998792939803,2.0,West,A
23.233549643978737,46274.19228564868,0.09275607742449477,5.0,West,B
26.875367350339666,46565.32460191197,0.3944815179387544,13.0,East,A
37.508110779601566,47720.91390773292,0.7377975561063729,19.0,North,A
41.70501254315505,36639.34349693782,0.25745195932396336,16.0,West,B
50.97384713353429,56954.73370971773,0.7523289144335528,8.0,South,A
58.31089972805864,56294.088503433035,0.5041786043908139,4.0,West,A
38.31527546620797,32067.13256216832,0.7502659879482331,19.0,South,B
27.083695039745088,58390.360780338655,0.4646796378573296,5.0,West,A
18.0,74632.2197833507,0.3679043402218176,6.0,West,C
37.141691698750684,52063.52398924472,0.21918921647863232,19.0,North,A
28.49647123751739,45952.09805517793,0.20837934143501502,11.0,East,C
31.67714191856252,48295.961427109745,0.751490810571396,5.0,South,B
30.103225607521537,57383.081203622736,0.1189103480339605,0.0,South,C
33.873672908668915,29231.940733913383,0.08598235011094513,8.0,South,C
43.52784184630115,51972.68843572763,0.17629136502213016,19.0,East,A
36.25638853956276,45314.43260644628,0.17534651145392188,8.0,South,B
33.730921303690494,72173.90015547254,0.8231076228068998,13.0,East,A
26.71476997739351,47909.927194340504,0.3985066234742124,5.0,East,C
21.602536442365142,70014.65133343423,0.9903884573604824,15.0,West,B
31.109536727413353,36755.111626615915,0.13721125779061238,15.0,West,A
34.569739593453434,57047.110001633504,0.6535398256936433,12.0,North,C
49.14343930863906,53832.80316549475,0.4487295072012506,15.0,West,A
36.04219617178309,39571.43302562261,0.39291817669707396,11.0,North,B
42.86191608818446,52128.75337564328,0.8750841990540823,7.0,East,B
31.005635211686783,64550.22604197921,0.9755956458283996,14.0,South,A
25.520449868663803,46114.499548560794,0.8728589587741787,16.0,East,B
27.279065902141024,29696.44820996284,0.19230067903513304,16.0,East,C
29.198191483713973,49789.24608227065,0.22079792120893404,4.0,West,A
52.02775785948131,39170.922862489846,0.6560738790950633,13.0,South,B
28.428906566204912,45891.90873603341,0.2890835816381917,0.0,West,A
41.70791362989076,49020.94676377855,0.7347251307805799,11.0,South,B
27.776582575303788,29532.173407813792,0.5664206508096447,11.0,North,A
42.45258410299395,30612.099928151863,0.5509087684904029,7.0,South,C
38.0796077288469,55784.8020263063,0.8285469248387858,19.0,East,C
33.74689681873528,43727.37564596384,0.7105327717426778,17.0,East,A
34.67389979091653,19223.067898153196,0.026577764997291697,0.0,West,A
29.761698436564878,59418.12843929762,0.049459137146015686,4.0,North,B
38.56857761185665,53268.437063290876,0.6015584524560157,4.0,South,B
31.36013215727376,41433.50211156219,0.4861920756222755,17.0,West,A
25.195153889862013,34198.0374673011,0.2601846553429914,10.0,South,A
24.776499405443047,60029.69475577205,0.41865608731480164,14.0,North,A
36.38070334177696,54192.20747072515,0.7579103187328605,16.0,West,C
47.63273005128348,78591.22739220888,0.82661148465793,15.0,South,A
36.279932908587504,55042.26318469925,0.5612230678900442,1.0,West,C
34.05089339112094,54652.43769514418,0.385369480857103,2.0,West,A
37.286609116820344,47996.86483869722,0.270696761495107,7.0,West,C
45.4480139336546,59801.310406409495,0.5219184707692535,6.0,East,A
36.75506001091085,57501.022414977844,0.314749618564381,14.0,West,A
31.712582153330104,65020.70010278234,0.5640951370472229,3.0,West,C
43.850309680479114,43744.124976352585,0.6766523825096377,7.0,South,C
38.43005150769291,44775.11032467245,0.06607921091939484,4.0,North,A
47.286047935967936,44250.761949056236,0.0010674650227472382,3.0,South,A
36.46587549777525,59489.62065414787,0.21227713884074295,3.0,East,A
25.204247746236,67980.49328356079,0.894511497718781,3.0,East,A
24.054726406034682,44493.914082208394,0.6462907632285592,11.0,North,A
48.20742345785,44902.715266482905,0.17196035193702286,8.0,East,C
48.78932576626637,53768.92668643759,0.8902639618236188,8.0,North,A
33.563846293739196,47050.86199984518,0.46995594028734,9.0,East,B
31.9345014309121,61424.64383767868,0.47609175667866066,14.0,East,A
46.69155433793762,22978.67251257144,0.9355419438426551,17.0,East,A
26.143634543652098,40079.539436997264,0.05948669218334002,10.0,South,B
27.84218384835339,40611.00399246265,0.21517827462871852,12.0,South,A
40.146614357512355,22155.72785136626,0.5857713251547224,14.0,East,B
31.843159017123284,38436.33866757435,0.1954865095820041,13.0,East,A
34.95902506623943,39018.126609848885,0.6795270092089578,2.0,West,C
33.6924568118039,47586.744145774035,0.2140922893367202,19.0,South,B
37.70059639039147,63355.59069992317,0.09915697059881434,3.0,South,C
46.259854890509736,47059.27218571157,0.20698515964083974,8.0,South,A
35.724679255213964,37630.235356746154,0.42273403427206224,13.0,East,A
40.15151034621486,49316.54550543765,0.17613829917307988,8.0,North,A
18.59862319175182,62590.08345729619,0.1346920249233473,4.0,South,B
34.61025278455906,38288.494206621144,0.8602818862189409,18.0,North,A
28.254157837657033,39073.10139294262,0.32039720359730783,1.0,East,A
25.249495516610978,56702.58751129068,0.3607586865182536,4.0,West,A
27.974781064569996,47341.566611230395,0.055270409501227635,19.0,West,A
32.327012474393506,57769.81628851369,0.35736962350205415,14.0,South,A
42.32722033884811,49836.23849845644,0.26480717732157966,1.0,North,A
24.388858258083488,58419.9637770748,0.6104850673417885,15.0,North,A
35.24505194075534,37579.06263151231,0.20539029767240669,19.0,North,B
31.126644533331373,49854.98419054079,0.8883654530628405,1.0,West,A
32.378615245104314,47471.71982764212,0.9296666209195551,8.0,West,A
43.02206260243683,35409.308910750435,0.0998310571767902,9.0,East,B
39.30492349603141,31238.26462557574,0.10740295628857721,2.0,North,B
45.69918485954195,58228.988423295945,0.11532643811098797,4.0,North,A
33.7639545660008,45788.57141338426,0.619569256310312,3.0,West,B
29.432459106634376,37732.63662023204,0.12196896420962289,3.0,South,C
33.20912946495601,48845.852756920016,0.8523823179302663,8.0,North,B
36.939974330169775,63536.22628819163,0.7542715149378925,9.0,North,C
36.412586867629685,22631.145855536925,0.8198088582380241,4.0,South,B
26.324895422133068,32040.335721160085,0.5260605268860209,5.0,East,A
35.723918253022994,38925.36269725679,0.9966772115191534,3.0,West,A
36.82582664111124,67534.14640064395,0.04417510294416127,15.0,South,B
55.13979230027137,53391.04379503156,0.40126496418611335,4.0,East,C
50.01475689025336,59207.80688553472,0.3239366689376362,18.0,North,A
28.17405319552944,36318.068970485234,0.948645498712641,10.0,North,A
32.70093310760659,36565.569496753684,0.5768609584975929,16.0,North,B
23.292463985303975,55373.764600672526,0.8061909654447252,12.0,West,A
30.27434388829211,50699.29197122536,0.17034119365851885,5.0,East,B
37.52484002872272,56584.86582636952,0.9786341439004389,12.0,West,B
44.64682896710587,47747.948108858574,0.4986395468763152,5.0,North,B
29.167329298051133,53337.72471745552,0.4936720762706458,2.0,North,C
29.76682847945763,51897.42901886131,0.9708847285457378,5.0,West,B
18.0,59333.208669019106,0.38073236121714504,5.0,North,B
33.69867263564074,59684.09938333365,0.39752502455499295,2.0,North,B
26.500684705123497,30561.536067298763,0.5847527028049366,0.0,East,C
30.76448458107141,23032.777335909734,0.12805261054778694,18.0,East,C
27.985113774659293,62020.94477181809,0.3210856264118549,10.0,North,A
34.24589956597954,64252.70111914324,0.19320832244513053,8.0,South,B
20.93817286914695,37752.52376583995,0.1032834791070496,18.0,East,A
23.263638036872074,27681.975121452455,0.8661446063310201,4.0,South,C
52.033976896226385,51188.41785208641,0.589331166127476,8.0,South,B
24.700619349807752,61170.05871620635,0.3586727915279112,16.0,North,A
26.225715372362885,71571.13426921178,0.4086693773667128,12.0,South,A
49.69530822657051,56195.570865217414,0.43151900368735463,7.0,West,A
58.24053735392326,45539.399640971664,0.6331491821447094,5.0,East,B
25.62746696939727,39282.432540981645,0.9267693914889933,0.0,West,A
32.054008345695756,50137.41550004785,0.9327796196569825,1.0,North,A
37.73244440752408,46408.823553376926,0.3914919795306634,3.0,North,C
48.82958115524474,37819.185131254206,0.32926245959776956,15.0,East,B
27.1051433725741,74585.06781035944,0.45104650018525505,12.0,North,A
33.03777723246312,71422.02082486557,0.5679342304284926,8.0,East,A
41.218700608493954,63632.584202665144,0.46181791144974826,15.0,West,C
38.47812859573295,38949.795226290466,0.6587534098167009,3.0,South,B
31.990751430159207,60260.231891567346,0.5543990233797637,4.0,East,B
33.929416283871674,57675.516913974825,0.3207155466940761,7.0,East,A
24.000833533040144,55310.54749044863,0.3457308057626326,18.0,North,A
33.094610048202675,64995.98320452533,0.3785927875597309,12.0,West,A
32.86890007992836,57624.45371433533,0.09463976824938869,17.0,North,B
36.85735911701005,58880.170835652025,0.16606263241397312,4.0,West,A
30.557382249447873,57642.875400466524,0.7231138021453861,16.0,East,A
38.772308180361115,54089.49689602527,0.38909671152208003,1.0,North,B
43.10172654255863,28596.6664434298,0.21453897256014365,4.0,East,C
36.24343462134773,51003.45292892669,0.5626724105748573,10.0,North,B
37.814051267193626,43325.6964938105,0.7555395424734273,1.0,East,A
35.42524278062294,34641.90850831976,0.2574223623453714,17.0,West,A
35.00067514473131,70181.79943160989,0.8267898819237445,17.0,West,A
29.22753573165722,70747.94409062844,0.9275048596250496,10.0,West,A
37.53195409338647,66310.64720354734,0.5973945290738407,6.0,South,B
34.22170721269208,53062.56100227049,0.6689476589915796,1.0,East,A
51.74534647144476,66207.50145143188,0.05257599032305538,12.0,South,B
47.58683921980194,50144.63816722191,0.9455198910219065,10.0,West,C
38.08677242045201,52433.56732277335,0.3924847342649438,15.0,South,C
28.89554232244186,36878.3435544562,0.9239004005454299,12.0,West,A
26.100708224132656,54763.89565398608,0.5789775247502426,2.0,South,A
44.52914362471092,50724.63114109301,0.0046187988433276095,2.0,East,A
37.10199380117711,34368.17459798643,0.038541999323435716,15.0,North,A
38.841147227132886,49385.634658200834,0.680418805669922,3.0,East,A
21.043312104206457,49043.2452337183,0.5626680138319331,18.0,North,A
42.41950785246544,71570.73399973568,0.026532437206074344,2.0,North,B
38.635362705714904,60730.559942160915,0.7434599612223853,14.0,South,A
26.116554524684176,50137.34526909759,0.8521453370691817,19.0,South,C
31.227801540400407,52985.447717612995,0.4964174824393083,8.0,East,A
37.10973763485216,50530.548537250375,0.46575744035725497,1.0,South,A
35.419734386849946,47565.032182453426,0.0054731088346274825,17.0,North,A
32.66263051357156,37010.87363134056,0.7866497124935993,3.0,South,A
34.17209385547231,48187.37746871685,0.33071606674610543,10.0,South,A
32.984180974344916,41046.82092016984,0.8787636197825396,19.0,East,C
36.22050009681975,34996.213532922244,0.37306058755805305,14.0,East,A
46.77193578394525,56134.66177457041,0.5650779106307056,0.0,North,A
18.0,54695.17591919882,0.2703417881993275,16.0,East,B
33.10519788392253,28559.509863583065,0.16058831258491868,3.0,East,A
36.412099370979575,48527.78435005847,0.774907903381328,14.0,West,B
37.3679519174968,61948.41663079908,0.4965904788462816,12.0,East,A
32.02468334942968,62710.68486675585,0.5364879237522507,5.0,West,C
20.94622574017134,62310.04211462286,0.9654159534817355,8.0,North,A
37.623963869712874,50466.95848281752,0.9635799122221537,2.0,East,A
48.818801713313476,39859.456064370184,0.8556421217024035,19.0,North,B
22.729108760670897,36995.614071703276,0.18760929276503358,4.0,North,C
41.910624109585505,54135.258857004286,0.5942726943015799,6.0,West,A
32.37179821501685,54551.36041238195,0.8781474246555374,10.0,South,B
34.50940523336922,65447.97333926078,0.3744639364489377,13.0,East,A
26.576811914368406,63199.755804105,0.10110616593558497,10.0,East,A
32.32435062115299,48413.256121625935,0.8109629022399218,10.0,East,A
45.400356757591666,35069.529453669566,0.48176355136217164,11.0,North,B
39.66124193590166,46170.72083586923,0.5643926803591786,17.0,North,A
48.85849284327955,52606.774337726296,0.9821442963178444,7.0,North,B
44.41929511182155,47575.00105532715,0.6072114304940721,16.0,West,A
38.51269343143661,43065.27070306813,0.4249793856661014,15.0,North,C
48.95147620934234,53034.617779638786,0.3699843678471978,19.0,East,C
38.51194526990639,43952.507103072676,0.4176192926540456,18.0,South,A
41.62390541437647,42463.20699529551,0.11839908317866876,15.0,North,A
32.627432371722335,53737.43401164127,0.7947505584175718,4.0,South,A
35.53236652687364,45176.08903844954,0.8377168581870411,15.0,North,C
29.420609413597784,52929.25266774023,0.28439713457340887,14.0,North,A
42.91667147675882,53278.44827422547,0.3037966184099441,5.0,North,B
25.573571015081075,36326.85198690111,0.8743342563348132,13.0,West,A
41.25880273934129,44225.10651361506,0.023970355527955456,5.0,East,B
33.47479153995872,67253.32327899754,0.5204574437672277,10.0,West,A
44.369976747738555,36055.04584718856,0.46367571468150104,15.0,South,B
41.00695190985008,24600.146612353627,0.6901267695784598,3.0,North,C
49.56516926117441,27657.858161089862,0.16339170014945448,6.0,East,A
40.84619752910916,50349.31935892003,0.6683307407951538,15.0,West,C
22.423677954774075,50371.00733639239,0.37673400787487643,9.0,East,A
34.464374616814396,48588.66973489855,0.618714778169642,19.0,North,A
25.623942459241473,64570.27794714202,0.04009500987277592,0.0,South,C
30.853761261069803,17925.986802764746,0.4617271971845094,14.0,West,B
47.08982746621378,54751.206493169884,0.5222508939823721,16.0,East,B
40.10027048718157,68737.25842164288,0.2143264028549866,18.0,West,A
29.408556571370028,36466.63082129943,0.1396236541791207,3.0,East,A
26.89026106847681,45442.32185852126,0.1884743030123014,19.0,North,A
35.262256743010084,40965.29699325655,0.34414107806334804,7.0,West,B
25.267518804950978,39267.84744706965,0.09681014930497145,7.0,West,A
29.63087778082735,46084.85593972352,0.9473197957296045,7.0,East,A
37.49607577240995,67129.82340421405,0.4049940614958173,12.0,West,A
44.24249628885357,72048.64010585024,0.808969602506749,13.0,North,A
39.870091777795515,45968.72929951823,0.9744171231088467,9.0,West,A
18.0,72860.72256877364,0.08073528000273911,1.0,North,A
37.43493383224208,50426.917723815495,0.651669467934994,19.0,West,C
35.576268585860625,71044.29232041298,0.871409086741214,4.0,North,B
38.31112228298154,48880.4162041581,0.6342344339667283,1.0,East,A
47.929677453209656,51572.69391255373,0.4290261213574127,11.0,West,B
18.494093785562058,54385.69367171401,0.4310763576379383,8.0,North,C
30.271172598471153,88146.24415241042,0.03589888600735891,12.0,North,A
39.72725058234684,60215.42689813747,0.5346007512892753,17.0,West,A
22.34724480436846,41512.825640582436,0.9935429967868474,1.0,North,A
46.80759238442807,61627.9744433103,0.9587075259719341,5.0,East,A
37.94685290160527,45658.009554987904,0.04039922884216318,10.0,West,B
41.77267188674723,44122.99780518549,0.7057970036294882,15.0,East,C
30.432450707825645,60903.21631870534,0.3017648666969308,12.0,South,A
41.51010951972968,50373.027053253834,0.9029891534061367,7.0,South,B
43.54777244791231,53342.910974141676,0.045114745709278536,12.0,East,A
36.86302416109735,50167.82266238351,0.9358741020110806,19.0,East,B
36.87520714158957,54038.99751926522,0.8374757437877769,9.0,East,B
37.162745914253804,55099.59076923379,0.11750438225260151,17.0,North,A
28.093237882084946,26756.396807535017,0.05982433731729919,15.0,East,A
33.819770558077174,57998.872023314405,0.8347076643269359,6.0,East,B
33.77981974038113,38215.766962036396,0.15575767097457938,4.0,East,C
38.06715091482796,32692.410373287064,0.5348981529758705,15.0,North,A
42.998593975282354,49299.06507369581,0.9157448578787095,4.0,East,A
26.531711344172727,51007.77203977345,0.5674481135493233,6.0,East,A
33.99992775744338,41677.926025132634,0.3972333014728241,4.0,North,B
46.85164438127178,59972.38229201569,0.4450160548539922,12.0,West,B
29.051294169499485,33893.89800354912,0.06311717070387102,5.0,East,B
28.42199986167744,45116.67501472929,0.9687523213615988,13.0,South,B
36.61844953464955,42981.51038080399,0.3106541850810828,18.0,East,C
41.75508152388256,49440.95275592793,0.18936349167285382,16.0,East,C
35.091408444485275,53346.371415766866,0.2860473018403953,18.0,East,A
45.631684723495916,37905.28460451747,0.9643731948914789,0.0,South,B
41.85435186053221,58691.39212947474,0.094286053488007,9.0,West,A
41.734560535120494,50756.028420016395,0.8673030405011813,4.0,West,A
39.432932010592744,27296.644960257076,0.7078438944014478,18.0,North,C
53.62122480276868,26496.90271523563,0.8300191791590281,14.0,East,B
33.35870648907164,49852.16848484826,0.9758975403678963,6.0,North,C
18.97182166346789,47348.39218656375,0.8421546555168719,11.0,South,A
47.834034892137126,48758.9586371044,0.9433823512778529,12.0,West,B
31.338404552345395,49664.21052163738,0.12693525679091977,9.0,North,A
35.863043554744266,52706.71807412217,0.79578856516697,9.0,South,A
45.47640547888422,61371.7953181796,0.5456756940810478,1.0,North,A
22.181923671528597,36666.741188989305,0.5434955950798607,9.0,East,B
24.986822287150886,35936.34088519046,0.8989215763205136,6.0,South,A
22.18977650304917,36880.11370535141,0.9718038186467113,16.0,East,C
28.646909679796607,53467.000006024486,0.704838323043181,17.0,West,A
38.517092848135945,64939.368543757344,0.4829383894717839,15.0,East,A
39.19350274250217,44823.92674112588,0.45640385790184534,0.0,East,B
37.21019343462843,19979.601870084145,0.3863414572231818,16.0,North,A
23.697872928861067,29552.085648675493,0.36159902957266266,7.0,North,C
18.0,40003.55932644786,0.3915068416844314,8.0,West,B
35.43482868312306,43307.25335005742,0.08975323525119527,18.0,West,A
31.225791730893313,45099.33647294328,0.07743608526043821,17.0,East,B
38.67508617373289,50462.973475771,0.7798698438723117,1.0,South,B
40.61562900977016,46259.04403013064,0.4460728929202261,7.0,North,B
36.105931456469456,62592.075326520884,0.9306844885446205,14.0,West,C
41.08106468300683,41887.79233182358,0.6122210085939525,10.0,West,B
36.833690992920545,39652.18448629348,0.03517598218441975,5.0,North,B
39.24051764481173,55746.50646224554,0.15752334131747947,10.0,East,A
29.36261389704094,31572.29516088657,0.20581979301300757,17.0,East,B
33.56310868934833,54676.30046384002,0.9757360243896606,4.0,South,C
36.574208773255656,51230.6382047152,0.21870422615163487,14.0,West,B
41.56422780333935,48230.69012098199,0.5157556762880513,14.0,North,B
31.850070622203422,69059.31328579116,0.9361769316401961,17.0,South,A
39.169338045856904,42533.51065646338,0.9771927299143573,5.0,North,B
32.87328966467697,74723.57804628894,0.23636043538354456,4.0,East,C
34.05966266137496,47294.82260926281,0.04911764375004013,10.0,East,A
41.63615233619258,34675.802660357265,0.1536018325377585,10.0,West,A
19.05551703156675,50839.0349719379,0.06332847870255809,8.0,East,B
24.628221375401914,37085.05759617478,0.1951242410923364,15.0,North,A
23.142516820457434,40978.929826237996,0.5685697147037354,15.0,South,B
18.0,54764.39960018589,0.9124487962956418,4.0,North,A
29.573884478758586,56666.9850638015,0.53721888369434,15.0,East,A
40.99547119782192,42533.9875969489,0.6259895566990807,4.0,East,B
32.7209274689394,61848.86174055681,0.2018672516095411,8.0,West,B
36.582320655534815,63890.09309625361,0.8005836206738501,0.0,South,B
43.713739973686344,67235.62107875949,0.6177889085055832,6.0,South,B
45.621489058141535,56352.96088550866,0.8641368291927248,19.0,North,B
34.44689652219088,66361.14454502838,0.9488431070057841,8.0,South,B
45.82868711655518,27430.41886431131,0.3479007757565923,14.0,South,B
35.737013267472875,46185.12141645845,0.09057905853543935,2.0,West,B
28.300814209380302,39595.93692411888,0.22592895791678247,12.0,West,B
30.244797182410117,51430.7103335287,0.4378415656758372,7.0,North,A
23.15570789947987,43142.609369639154,0.9456936518244733,14.0,South,A
27.89492917013078,48006.105896603214,0.37830982237341526,18.0,East,B
32.135866495404564,72586.09856244859,0.77077321366537,10.0,South,C
41.428680155028815,47963.36244295546,0.540476692170755,2.0,North,B
48.76615864932787,54965.50780628257,0.18280877043097654,9.0,West,A
23.94254787698368,47212.76804090918,0.3207341189534516,2.0,East,B
38.142619746079355,50908.559455482005,0.6531918850228187,8.0,East,A
26.675648486739725,50072.200165232854,0.6728533946848935,1.0,South,B
38.797576707705616,55379.88879167791,0.43475974680904617,12.0,West,C
33.95130679449819,63983.69042656612,0.22864560266211464,6.0,North,B
20.352753393219757,69768.72797123995,0.7219067795126763,4.0,South,B
42.42637593254788,53715.440982910004,0.16887304161271477,0.0,West,A
30.15999429753015,57074.56263242722,0.9366696918651266,17.0,West,A
30.728798093011562,36189.6258897732,0.1879035790364767,16.0,South,C
26.441980709682483,48945.47909101255,0.10731236283252044,16.0,East,B
29.765733786499556,61283.473578603065,0.4976477023653788,1.0,North,B
38.42312352555934,60391.62366100584,0.519549598109694,6.0,North,A
33.486045272508754,52539.3167935406,0.5081929147782448,19.0,South,A
37.62929601825985,60636.72751481543,0.4366674893388395,11.0,West,A
37.89537483143075,55889.20050792582,0.9948148928296083,2.0,East,A
45.56529324422534,64403.67509911186,0.48628061267058187,2.0,South,A
32.25771079308497,53472.30988348533,0.477946580739831,5.0,South,C
23.185137465234146,45731.62021314759,0.4217660627145613,19.0,North,B
43.537779332575866,54030.095083196284,0.0668257547014629,3.0,South,A
32.34809462322196,14832.867489766692,0.592956631149616,18.0,North,A
43.916739556619014,54594.62883662059,0.22796777222318243,13.0,North,A
38.06701690545977,10000.0,0.6376089802290499,18.0,East,C
33.95089975837324,29318.439111134983,0.050833461948477154,16.0,North,A
37.790207152370364,55421.22321129181,0.9813871012530017,6.0,North,B
50.608100481010396,55730.352047201544,0.4690050790126722,16.0,East,C
51.61584423243002,36050.85463832084,0.8967553715906984,3.0,South,A
35.55504908106223,41454.775497452734,0.4755611732329348,5.0,South,B
36.281524746536604,66446.49186336958,0.060330818574221734,4.0,North,C
43.60992125973108,44191.638421127886,0.8222135460938069,2.0,North,A
28.234711737861222,76915.04374883581,0.6481837296671343,1.0,South,A
37.664562980946044,49976.961761883846,0.7817570475739452,3.0,East,C
34.79309721636915,54896.4341225752,0.4281698635088733,2.0,South,C
37.51126569166043,69402.4927819833,0.6379367442466449,7.0,East,B
28.333049552404752,51572.32539432104,0.8562290037966075,1.0,East,B
22.28346005352825,37971.87223171038,0.6310654428718875,1.0,South,A
18.416132512069666,48683.27057966852,0.3476736348359033,19.0,South,C
26.060927096083137,49572.67116571891,0.6625295943661998,1.0,South,A
31.330597720485336,33623.10017358122,0.6718541886140673,1.0,North,A
32.654467306809906,46930.01514391012,0.960586962506625,0.0,East,B
50.49784929943613,41093.69487203076,0.3709123215416692,2.0,East,C
43.84794695925839,61092.29308624921,0.4250817675141312,10.0,South,C
27.303271069266984,50415.34249022307,0.8121229611870592,16.0,South,A
37.78166761960765,46606.45101022916,0.5057623147427412,14.0,South,A
31.7433741091974,48725.81683252908,0.736573093115733,11.0,East,C
32.72508929567924,52677.464220874,0.45970946445359206,1.0,West,C
36.48260519532305,57401.77039627736,0.21549514181270046,15.0,North,B
39.95336893580315,38003.453255967426,0.7452038427810108,0.0,South,B
32.285932128927875,37500.94840854474,0.13115516918470993,12.0,North,A
43.51081226187487,63256.15058483036,0.19858366353130807,8.0,South,A
25.864494190860768,45051.95753354323,0.6268249827842086,17.0,North,A
35.05071249889815,32997.89488883751,0.7472698001920698,6.0,South,A
55.78138981276666,55325.75251259725,0.894687886867815,12.0,South,A
36.7846379410022,55560.43767239224,0.2725864974158917,8.0,South,C
46.46571605284938,31631.41691291952,0.11072425860055435,10.0,South,A
35.73216142538566,52753.780585563276,0.9560466595226291,18.0,West,A
39.646216762638375,58826.99710914048,0.15442308802214244,14.0,West,B
34.54573444485847,54492.637420475156,0.19766698225463952,8.0,North,A
33.63673935068636,57583.77780513674,0.29132945355846573,8.0,South,A
28.764140826196645,33148.770822911014,0.5293913540262875,14.0,West,B
38.44241087166043,53972.48185995435,0.882825566034078,6.0,East,A
28.187702486513857,46368.562886354644,0.7605460227298669,3.0,North,B
40.324681890507435,44206.518095304265,0.7081575538426351,9.0,East,C
43.682296035567276,60446.66731303672,0.17518056785600367,1.0,North,A
37.93225125789784,67751.29412809075,0.35768263152597424,3.0,North,C
32.71001013155446,71532.44065520431,0.47840492608667795,8.0,East,C
38.63172463446957,65777.69445807087,0.14742595348558585,15.0,East,C
32.5306155556287,48683.189820437794,0.2734297021266725,15.0,West,B
42.48437700372119,54232.64195631612,0.30833320395284425,5.0,South,B
20.34875132627901,59201.874461410924,0.12727619832903925,8.0,West,B
32.31514105505083,51454.13539159355,0.5502396919082576,3.0,South,B
19.073504039008018,51569.17025493853,0.7050281965241929,15.0,East,A
23.03951335818236,59885.03758251418,0.06993163147686121,4.0,North,C
