age,income,hours_per_week,education_num,occupation,marital_status
28.627145049399772,60823.05032832102,45.53700759976016,16.0,Retail,Married
36.808040163196594,44546.946251184956,27.676667810329686,12.0,Construction,Divorced
27.657329521719813,43561.68602306126,48.07942457031624,13.0,Finance,Single
41.03407362193283,19558.764742533385,50.350363147520156,10.0,Healthcare,Widowed
36.43514186344924,41303.72313328282,41.46203007615736,8.0,Tech,Single
20.659066697373913,74218.83816682105,38.571767293334126,11.0,Retail,Married
18.0,39554.190666537776,53.7648305383629,15.0,Finance,Single
21.440118600571903,39612.043273977186,40.11237784636329,12.0,Manufacturing,Divorced
39.02511029486994,84067.63581588016,58.11498375703162,9.0,Manufacturing,Married
23.23111137969355,31621.446664824227,45.366570285695836,11.0,Finance,Married
27.6847616472617,25577.032425522288,31.46691924351432,11.0,Admin,Married
42.02019849109329,97527.34731949068,56.75015501597664,13.0,Finance,Married
36.3226585422145,38628.05913972406,52.74815510318853,10.0,Retail,Single
30.671673814609818,31782.571638647867,20.15909197514759,13.0,Healthcare,Married
50.3094289107207,69221.47500390204,32.38777745319899,11.0,Finance,Married
29.69558357035357,32251.248812321974,40.52641694894368,10.0,Construction,Married
22.307529727265297,84778.57399433792,45.54930936967845,16.0,Tech,Single
51.29690423509207,117251.04934062564,32.94618911566927,16.0,Admin,Single
31.28352235141357,44895.26977293528,56.39223778810353,11.0,Construction,Married
33.010137536035344,68243.99808533251,38.401347120256084,16.0,Construction,Married
39.01341136529579,32631.002295919094,29.619411952637478,10.0,Education,Married
28.65370379290792,37942.35438250315,54.32308388260893,15.0,Construction,Widowed
56.08548404272594,68393.38492986551,29.357963593338418,12.0,Tech,Married
35.46518943802374,66917.86090952747,23.40804160994242,10.0,Education,Single
23.406716656016226,97353.21852040387,29.7485465541843,11.0,Construction,Married
34.24515999566429,58715.49955501768,41.12735629246669,14.0,Finance,Single
19.690011160698802,27969.37923552384,36.754646161552664,16.0,Admin,Married
40.06685915444157,34037.57988895404,57.911786024033,15.0,Admin,Single
46.14740769739256,93370.25618694947,51.552326229838506,15.0,Tech,Single
50.30988296377919,29995.008323377548,39.65108323399262,14.0,Education,Single
25.13842430748635,83630.23070537156,57.203385629321744,11.0,Education,Divorced
20.31391973229559,42570.48210702627,33.34655362002097,10.0,Retail,Single
37.332503202422394,86911.00908966265,26.02687921777921,11.0,Admin,Married
39.88871811045554,35598.469678045396,70.94213376307677,12.0,Admin,Divorced
30.103438424770015,38557.00065272092,51.731315368703925,12.0,Retail,Divorced
53.642198477201894,72581.29973936327,32.365863847786194,16.0,Construction,Single
52.17639357935031,103929.98411876179,41.07541376270227,16.0,Admin,Married
33.032049410980356,47197.51006038267,26.21678501497456,13.0,Admin,Married
36.64620330858963,42548.03285952921,28.763760524791447,9.0,Retail,Widowed
35.8045713651992,47737.647286490756,44.59273445558226,14.0,Education,Single
34.21917847335395,32620.993488541102,34.34281752815183,13.0,Healthcare,Married
18.0,21873.14950674255,43.741777928400445,9.0,Retail,Single
39.51864087107232,136997.9354516316,35.36148489330592,13.0,Retail,Single
26.98627316370349,43596.03244500707,55.32671678008817,13.0,Finance,Married
49.125367085953144,100888.4222189192,27.599895004792433,8.0,Healthcare,Married
18.0,29174.07896087339,28.689792785424707,13.0,Tech,Single
47.977902411173204,96293.77210863415,39.57008429582149,15.0,Tech,Married
33.87901855654982,58044.0367921498,37.48747027573747,13.0,Construction,Single
25.756404401274335,43875.988827671186,33.01053839835506,11.0,Healthcare,Single
35.34865104778858,76634.77061119024,51.305510769571484,14.0,Admin,Single
24.678332303479927,61922.2443968487,59.881815054873556,9.0,Tech,Married
31.29653505995786,81357.66403582467,44.24741711832267,15.0,Construction,Married
36.8681419775559,39899.68777111416,46.29154749130897,8.0,Healthcare,Single
42.173084000969375,46361.31847583296,20.0,16.0,Finance,Married
25.198032356494334,48021.21351790433,29.748049755136822,10.0,Tech,Single
24.8847949519682,34370.626343470416,39.02061349786818,11.0,Admin,Married
26.310244156447215,69879.75785440799,40.225199242776,10.0,Manufacturing,Divorced
37.18055200021598,69637.01927643068,47.3614079337817,11.0,Tech,Married
19.882597915091775,82943.99690709225,42.97935939410429,13.0,Healthcare,Married
20.881105570068595,70340.5135438985,46.23791347793356,13.0,Tech,Single
22.797026149837887,24005.37628676094,31.519518020661074,8.0,Manufacturing,Married
33.967666268168784,41051.687118400085,56.082999106005694,8.0,Education,Married
33.40648374261946,98383.8620193173,46.09561014671344,12.0,Manufacturing,Single
43.11584165870104,37653.835964232414,20.382063999588944,16.0,Tech,Married
40.10615593640343,70879.62053412595,30.74801139909816,16.0,Manufacturing,Divorced
56.39464570664904,87583.27261516351,47.072137722357105,10.0,Retail,Single
36.88183076686623,34222.61798448824,36.76139030664657,11.0,Admin,Married
32.39566771314743,45296.79388563343,35.543383328596605,14.0,Tech,Divorced
47.96434712238472,133594.2771593171,37.11397162503394,10.0,Retail,Married
52.56808186208827,26827.594428613185,26.461482324465354,16.0,Retail,Single
42.18480263603168,51983.27864183633,38.89806710347337,9.0,Tech,Married
56.16783118717634,20799.367655258196,39.20070146501159,14.0,Healthcare,Married
29.150539057383167,61190.830564716845,49.49428464374271,9.0,Admin,Married
58.46347850137838,48235.41371081322,59.99595144540046,16.0,Construction,Divorced
46.89758707533322,48008.85018028339,36.42670452874181,8.0,Healthcare,Divorced
20.770306313146207,35805.79320616055,40.51634125963233,15.0,Admin,Single
38.22168922810485,115985.37731137055,38.531985731067316,11.0,Healthcare,Divorced
46.47474045349767,66921.10051641872,39.57331451377911,9.0,Healthcare,Divorced
38.591006839098455,27218.86345937608,53.572750753823456,11.0,Manufacturing,Married
24.001416864477473,107025.3227206472,46.929129573675226,15.0,Education,Divorced
34.261569355200415,54119.819023764474,26.259411880636666,15.0,Retail,Married
18.0,67403.72746975216,42.788752986840265,13.0,Finance,Married
49.53912437361391,25363.150689888647,47.468889374042384,13.0,Tech,Single
45.71181354065421,41045.71053218681,40.766336288157795,11.0,Tech,Single
18.0,55051.80395357583,48.21856498877495,8.0,Manufacturing,Married
33.572671404467926,94650.09964495795,24.57394821170481,14.0,Admin,Married
46.55657701982446,66165.09152463474,45.211151154828606,13.0,Construction,Married
30.002473936318122,51791.53316514528,28.721743970435966,10.0,Tech,Single
20.19707134871269,38233.91072007425,35.464961148520665,12.0,Tech,Single
33.82874198579203,65626.58876228225,34.3876223632139,14.0,Finance,Single
49.178018524530565,44711.95557501778,52.91508441559629,8.0,Manufacturing,Divorced
28.084642716137072,29442.47905697356,29.662150454557533,14.0,Education,Single
42.21092711847374,37020.36418770443,41.820931153824766,9.0,Manufacturing,Married
29.737769722643936,97581.83985225314,29.719638838336103,12.0,Healthcare,Single
42.16426645231149,32747.32122736011,22.866737351906078,16.0,Manufacturing,Single
22.40261334384441,70742.19448212268,36.57462519652167,9.0,Finance,Married
44.759818690736196,32981.13946369685,42.501015449286434,11.0,Education,Single
30.781539337065567,66480.37044129265,43.86273738012712,12.0,Construction,Married
49.41076588019058,41366.61552855996,37.06057154309839,8.0,Construction,Married
35.128277167646075,34560.88073611325,43.13660117280984,8.0,Admin,Single
49.69958828392108,69936.8614961111,48.03329121672826,9.0,Healthcare,Divorced
25.748217444144327,45483.462705399776,36.530742550180065,9.0,Healthcare,Single
55.25454311144769,88425.092263202,29.636669487995754,9.0,Retail,Married
22.299233655470665,26817.29117114052,27.609710990111253,14.0,Retail,Married
44.958839133461154,76309.59469064166,25.99270149842845,16.0,Healthcare,Married
21.668862603873666,35492.20664371962,32.73117793191436,16.0,Tech,Single
44.11551533064327,117357.72250587789,44.05535613482127,8.0,Finance,Married
36.353860131936884,77607.8956339883,56.777950248494605,9.0,Tech,Single
18.0,29762.902709182774,38.749452345971605,16.0,Healthcare,Married
43.33994935486483,58194.55567705773,37.020401513793374,14.0,Manufacturing,Married
56.41374040799608,44562.74462216698,33.68971249539636,11.0,Manufacturing,Married
47.55624206726355,76259.45795745753,43.84325206155839,15.0,Healthcare,Married
19.802377433244075,36993.74663602353,40.66560187525498,14.0,Construction,Divorced
45.780611998667496,102317.21669885857,23.461581836172048,8.0,Healthcare,Married
27.822304761842833,99581.76374929596,32.83711054791692,13.0,Education,Married
50.19714015582767,38131.76077568576,21.569302020181798,16.0,Admin,Single
22.065086545462613,31631.748840595872,56.166021579871014,9.0,Finance,Divorced
25.521721603657603,101184.74044245953,33.13186026924973,12.0,Retail,Married
36.92388984987261,47425.85538218587,20.0,13.0,Healthcare,Single
61.56792317236917,48201.56610703212,33.71997064057059,11.0,Healthcare,Single
62.09328377223266,119709.00479106,45.78659131373277,15.0,Manufacturing,Single
36.00879094178681,30446.61183156139,40.95788571425199,8.0,Finance,Married
51.71261381490207,65494.38341973533,31.208639938908956,15.0,Finance,Single
39.48810716860253,75733.55852099844,31.281147097017993,15.0,Education,Divorced
28.170358652833794,76563.18772081079,44.864241470994635,10.0,Education,Single
52.55653991974112,35065.46702599678,44.981153467216465,8.0,Construction,Married
65.0,51192.28760452003,20.0,13.0,Finance,Married
35.560419684973105,34668.71461911984,62.112963312022785,16.0,Tech,Single
29.854967757220976,102452.91565058194,43.71429259773245,15.0,Education,Married
65.0,32081.995923866325,42.777520964389595,14.0,Admin,Single
47.024040998926296,30797.495978857092,29.936872274947685,10.0,Manufacturing,Married
46.20133483664836,42570.71730463025,20.245669661901292,9.0,Education,Married
56.077599500043604,55141.04384349759,20.0,8.0,Construction,Divorced
44.34342772763751,39472.47402133817,29.413487769924373,12.0,Construction,Married
22.52124925842344,32293.783999390733,26.185862452764326,14.0,Finance,Widowed
18.0,48485.76196223522,46.60641932231783,13.0,Admin,Single
26.47386852954917,65494.13488316054,38.53836911010228,14.0,Manufacturing,Married
29.075679431827755,47832.031571310836,43.8786729401966,10.0,Construction,Single
35.90482549989399,66393.1049726255,35.37221083964313,16.0,Healthcare,Married
18.95213656994511,88590.64921622285,37.53844765529068,8.0,Education,Single
46.22880100455149,43353.16205994203,41.04688768023481,11.0,Healthcare,Married
38.71457407722913,45585.32451069847,26.92030471606818,16.0,Manufacturing,Single
28.231894383640476,46212.65129352487,57.36829436924565,12.0,Retail,Single
42.30439127930172,94214.94347421432,36.83750932609687,14.0,Construction,Married
47.69072228705708,69582.41977129417,42.27085904434267,9.0,Tech,Married
51.05139703014632,104920.23166260416,36.80879902700019,8.0,Finance,Single
51.974221821965656,72523.0264053261,30.294436676996337,16.0,Construction,Single
54.88493873579533,118803.67176607533,30.35762764989605,16.0,Healthcare,Widowed
46.91950745006709,42683.68743882774,28.179812884584646,16.0,Tech,Married
28.167075041274924,78080.99659894967,38.59314159345748,9.0,Education,Single
32.27075270400058,73488.13733521938,43.33236550477068,11.0,Healthcare,Single
23.000677017419612,46320.07786665688,31.82832666719837,15.0,Education,Single
42.114410573221306,37093.591986188505,37.19637266397521,12.0,Education,Married
37.930034535345634,44687.416874106646,31.29969980377511,16.0,Construction,Single
18.0,121195.38362718493,28.041265818169403,15.0,Retail,Single
18.0,31867.284922869036,22.355844473416578,14.0,Construction,Single
33.91644761845343,32126.07544167877,45.46722518262251,11.0,Finance,Married
24.193886748068344,97265.99201909696,49.52267976500795,14.0,Construction,Married
43.31922840507403,93216.13432184815,26.251488374027453,8.0,Construction,Married
31.935567391361573,36695.98639129393,28.030133799478637,15.0,Healthcare,Widowed
39.95906770305895,36262.34102360439,60.325293757030664,8.0,Retail,Married
39.796791270789754,115028.04206018972,48.44122939041227,12.0,Education,Married
41.077542352530614,43128.800722606495,38.68737430489385,10.0,Education,Single
33.6936673800248,73694.82014203734,49.0114497054766,12.0,Education,Married
48.47771630563091,39685.69966491465,45.97642647916023,15.0,Tech,Married
22.479394410444595,73301.4944856101,41.32860708170492,8.0,Finance,Married
32.130387568527546,46822.91228847397,50.40852366699595,8.0,Retail,Single
39.13018226439563,112980.01537708331,46.63429761149823,11.0,Construction,Married
46.943072950087895,98857.7634983107,44.933244964129884,8.0,Finance,Married
34.286245419685194,38987.51624102676,44.24606564663542,15.0,Tech,Single
53.520573448705726,29245.102671378143,38.94684355376391,8.0,Admin,Married
35.84246388625005,22591.69963873143,58.28893536232222,8.0,Construction,Single
32.513150553915246,81324.95715599782,41.63509994914715,14.0,Construction,Married
55.10157660471277,39780.44236373504,48.22073818812226,8.0,Construction,Married
37.89137293818023,29083.97803697598,41.75948378264751,15.0,Admin,Married
26.62885058816897,45703.26737964997,46.701961364910524,15.0,Tech,Single
42.80546055862138,76657.91159247763,24.126693987388993,11.0,Education,Widowed
19.012290757085335,33770.280000053914,50.83427945936955,14.0,Retail,Single
37.67206708988167,37745.36066331031,51.23502463233313,12.0,Retail,Married
37.17640613105303,87170.48055981631,41.2051009734281,16.0,Retail,Single
35.99157369693219,43552.230103830625,44.584277613250244,14.0,Healthcare,Married
34.48333285172924,40123.64895994663,49.4599056309704,13.0,Finance,Married
27.605388751223433,39899.46996803165,53.689346400934106,15.0,Retail,Married
25.439000018392793,34525.42276837502,22.31542860983748,15.0,Retail,Married
51.39260915315078,41169.465708872965,39.41234689629857,16.0,Finance,Married
19.043319575459144,85184.22517733448,45.74143302868042,14.0,Construction,Single
25.76517939133511,111240.007616666,40.343842325176745,11.0,Tech,Divorced
38.58531648248332,33351.72427448539,40.3424331212645,13.0,Finance,Married
39.099172459239064,28081.102105962138,48.671610389974745,15.0,Admin,Married
45.2428731134302,35973.75366893297,52.968720003752,14.0,Construction,Divorced
45.20530575255381,45313.797324046835,42.86803086619336,9.0,Manufacturing,Married
37.513099578180636,105284.61945691722,42.15665431759075,12.0,Healthcare,Single
39.10662498533166,119141.64172324797,45.95229291618093,9.0,Tech,Single
37.74940121750183,41935.812984631884,46.91088849460735,12.0,Education,Married
38.73205065277298,93096.46473708395,36.33668363499311,15.0,Manufacturing,Single
19.108064572329997,99834.25472499453,43.94001120899677,8.0,Healthcare,Married
20.942024126898954,35783.093622474276,31.527520398268525,15.0,Retail,Single
47.78592365534507,43644.242139221686,46.761858317094905,15.0,Admin,Divorced
43.49134842695998,93945.0034470561,46.829628364240385,8.0,Construction,Married
35.714004053485255,114317.84284813699,43.32204152809009,11.0,Manufacturing,Single
21.923671843082197,103168.82499748272,58.59988643801148,16.0,Retail,Divorced
56.50670976331185,47172.64779873289,20.422894465044713,13.0,Retail,Married
31.30523014742235,37453.469819309794,30.052085486215756,12.0,Admin,Married
23.26513127903727,125147.59612980763,23.95473146080718,11.0,Education,Married
18.0,45546.559942922475,51.71235953795594,8.0,Education,Married
36.01773620194156,107279.83280063028,24.497888531061246,14.0,Healthcare,Married
42.34062556946327,43212.40028397472,54.318489253231164,13.0,Manufacturing,Divorced
34.80151279845052,22348.683391291233,38.64502849487276,9.0,Healthcare,Single
18.577740374007046,33191.37860362382,21.858821791517972,14.0,Education,Divorced
45.39039538173764,127434.36728593924,32.861509848315386,14.0,Manufacturing,Single
20.169730592280622,46402.348440641355,45.933280076908545,16.0,Admin,Widowed
37.67065864560611,98935.09754168706,50.55316019786285,12.0,Finance,Married
40.388459492604994,65156.507536416895,35.597826801395314,9.0,Tech,Single
37.122510287379626,27340.700007881613,31.775582786427137,8.0,Admin,Married
28.81322782026198,62219.70021949332,25.17241713221201,12.0,Manufacturing,Married
39.11235273838585,43527.72314845445,57.59101332106354,14.0,Healthcare,Widowed
37.33711194599445,41396.57913451931,36.34694095736109,12.0,Manufacturing,Single
32.62398113695742,40289.623739202805,22.980980620108472,10.0,Manufacturing,Single
37.50208936525267,78129.98419367748,44.696776274997276,14.0,Retail,Single
27.94292443763069,28894.260229668493,54.83005974973122,11.0,Tech,Married
50.379448569101264,31818.51451791621,43.29454896691811,14.0,Retail,Single
53.456910202266755,101065.00801034212,26.82477106417365,16.0,Construction,Married
45.75440783251186,37241.92845453492,34.29684294080087,14.0,Retail,Single
18.0,118101.16251172488,21.654824829271217,9.0,Retail,Single
19.946304444152318,45612.51704402564,33.356276693105244,8.0,Finance,Single
40.384381847544255,22684.082980154228,43.62711272330937,12.0,Finance,Married
40.08717420036754,74315.72090589703,45.50112079498964,16.0,Construction,Single
45.16596620319058,51312.06904423523,31.800724588884858,14.0,Manufacturing,Divorced
51.364710066792455,74675.67491576141,27.99099501979971,10.0,Education,Single
33.583528710274855,19966.40533109915,47.27923997209884,9.0,Admin,Married
38.12619057183043,19792.46233324343,40.082340907487826,9.0,Construction,Single
30.866901137861905,106325.49999511527,46.317368913089986,10.0,Manufacturing,Single
30.066464273283106,46255.05949902423,23.68641422303766,12.0,Construction,Single
42.48929843121608,83005.00842336204,30.164014167269695,9.0,Healthcare,Widowed
65.0,72021.19755018564,37.855721499725526,13.0,Admin,Married
49.394735998371765,111704.15667186474,30.228470411971657,8.0,Retail,Married
38.27551878344115,78422.00265511233,31.979492657394875,15.0,Construction,Divorced
26.69459704451266,108178.44961563587,38.88453597470314,9.0,Construction,Married
21.414529051219983,48930.52316630463,26.22498306518294,15.0,Admin,Single
44.6657530391244,98610.79979219152,56.66683394043636,9.0,Tech,Divorced
34.83513992226682,36433.89052561014,32.60050738453613,16.0,Education,Widowed
51.344397380411934,30751.380862754766,52.66531118076858,12.0,Finance,Widowed
52.2820278883232,87283.17403887078,34.288147951171304,8.0,Manufacturing,Widowed
19.724315801966732,35624.606130000335,34.474492547841834,8.0,Tech,Single
33.44592073614876,28344.972266311957,40.71975168040327,12.0,Healthcare,Single
47.41138632554699,34576.902653942714,46.20205879139951,12.0,Retail,Married
31.55680094044023,48349.15272355271,28.877294408444865,16.0,Finance,Married
31.99172885771776,67135.03846475476,36.425043550012866,9.0,Education,Married
41.915310393923626,36028.074407803804,63.62378811451937,13.0,Admin,Single
40.843321819481,35294.43943056188,48.303940259313684,12.0,Tech,Married
31.218902374404298,102035.91732166233,39.9333489200853,13.0,Finance,Married
31.81141588543454,32101.384916723397,29.95795004551944,16.0,Manufacturing,Divorced
33.614448397970754,98370.78379928296,50.08508619610011,12.0,Tech,Single
44.09897675933983,79409.88968028483,31.92930913481521,15.0,Education,Single
18.0,60322.15055295335,41.31221422220181,14.0,Finance,Married
42.00211333606965,27256.47316571394,51.48345238145063,13.0,Finance,Married
38.40890998354444,90454.20826794194,45.852701069063215,8.0,Retail,Married
40.06222340425337,89094.54733925973,46.59873287210712,11.0,Manufacturing,Married
31.346304921683213,126765.36424668622,51.16906903883894,13.0,Admin,Single
43.298557032628985,77980.58131166847,20.0,13.0,Education,Single
19.794850134489185,33220.664327860795,49.10384338748653,8.0,Manufacturing,Married
34.7537112376313,65851.94925267968,43.94158930025429,8.0,Manufacturing,Married
18.0,38097.44320738616,28.26066720635494,15.0,Education,Married
26.207427817531997,23051.142474073273,44.67471064776595,13.0,Retail,Single
45.589664654940805,105736.70306457976,32.349933856719794,10.0,Healthcare,Married
58.111887726074826,31088.936074866557,27.896867843921424,9.0,Manufacturing,Single
29.70854329347756,19419.049011531242,43.84813722643783,10.0,Construction,Married
43.490784586645425,123969.33257727166,57.26153104161491,8.0,Admin,Married
26.688830310340702,109569.18213640318,32.750865989064344,10.0,Finance,Married
44.25669322426237,48399.60101712435,25.31316562147467,9.0,Tech,Single
57.7989400533815,48079.58876209505,46.15888284032103,12.0,Tech,Single
33.09988691950856,72453.64634225162,37.69257725003679,16.0,Retail,Single
45.55247902452207,38154.69915864785,39.24701403715466,14.0,Construction,Married
31.415228811945063,35629.10881861924,43.95592985205098,13.0,Healthcare,Married
26.193717239504664,31481.554016220023,32.711203456002266,10.0,Tech,Married
18.0,52432.98730199458,58.56781980946142,12.0,Admin,Single
18.0,100671.67913670222,56.55783846952403,15.0,Retail,Single
23.557201528564402,137174.67044178784,34.1321499290173,15.0,Manufacturing,Married
62.24526098551915,48257.22139302044,60.53194611818334,8.0,Finance,Single
29.58226293608294,44012.325741537235,44.221866894714005,11.0,Education,Married
47.139941841541955,111610.42241781799,21.0065458735962,12.0,Education,Married
37.3603673121177,25351.056307697658,49.35024045006806,15.0,Manufacturing,Divorced
50.477271980856735,44796.0648368526,46.182243149739264,16.0,Education,Single
63.34314749733303,26060.622305109973,30.306453826437718,16.0,Manufacturing,Single
64.27178366675612,31407.171120762592,59.62682411182516,14.0,Retail,Single
42.66361947916682,39967.10765006923,29.022207351562898,11.0,Tech,Married
65.0,37461.26473367624,53.711246900369034,14.0,Manufacturing,Single
29.0239205659125,112651.81419233217,46.11442012781397,13.0,Retail,Married
18.0,57227.223478295025,43.49475277658604,15.0,Finance,Married
37.71826644326018,88369.87391142234,39.51451212333806,12.0,Tech,Married
49.72623567284227,38529.04249349388,28.316028809392545,11.0,Education,Married
37.607678960659115,42835.60370261933,45.79665754727454,11.0,Education,Single
49.7165426135285,45138.43499961835,37.264063770214385,16.0,Education,Married
27.466485864584616,31838.58590970956,22.984088456146125,8.0,Admin,Married
38.03297818450559,97523.88134183078,43.48163794588238,8.0,Finance,Single
27.76093460662765,80844.57959426756,53.328782361289484,15.0,Tech,Divorced
24.401936257991117,100749.32809979703,75.51562161669888,10.0,Retail,Single
39.82810135855382,79785.36289757797,40.17896654436991,15.0,Admin,Single
51.01275698809372,38551.37136326975,26.58242634544409,15.0,Education,Single
27.812653991362524,80037.89780332508,42.03548986633907,9.0,Education,Married
65.0,45068.356448279614,30.84551748789867,13.0,Healthcare,Widowed
48.04540589598683,79288.0083359629,27.797276587803893,8.0,Finance,Single
41.60490118619655,32054.76014818576,52.054876556838146,12.0,Education,Married
54.723960466968606,45542.89755015715,32.112077912421746,13.0,Finance,Single
27.948604003091667,30062.695816782867,42.23166021613339,8.0,Retail,Divorced
18.0,43379.91287288103,20.0,12.0,Admin,Married
36.139224110476135,90764.39144981928,36.590039617083086,15.0,Finance,Married
40.043383298675835,73012.74351035578,43.1415075304227,14.0,Healthcare,Married
43.78817958599143,43777.473563445936,32.61165678735968,11.0,Healthcare,Married
29.406401543344135,69245.5940873042,32.84091811484372,12.0,Retail,Single
37.30805089759663,57846.41320619622,49.682228174628015,13.0,Finance,Divorced
33.85582424110706,43171.448123025526,35.35825721083523,10.0,Construction,Widowed
28.344610031962546,23079.760395569145,54.42901288640033,8.0,Tech,Married
60.21686274324994,42860.67497877928,28.646934777819077,10.0,Tech,Married
36.346229872391554,75636.19574737997,41.69540640533853,14.0,Finance,Married
47.81196828148453,52584.777935022306,37.230227266331326,11.0,Construction,Single
40.04491214816013,41741.51347936534,27.66878603908795,10.0,Retail,Single
52.78926696197674,24324.469957287125,55.41537265416907,16.0,Manufacturing,Single
39.6043730142601,55686.93805254988,48.58476734466685,11.0,Healthcare,Single
51.69429934716417,77574.75697447931,62.126401677233815,11.0,Retail,Married
33.20760350968656,32049.02272770795,21.620503632020892,14.0,Finance,Divorced
25.408330303942602,120567.06502765263,43.82964114748085,14.0,Manufacturing,Married
42.58816060679022,38404.604824279006,44.9524602539583,12.0,Manufacturing,Single
37.395793864599796,98590.78013597088,30.29939696315619,10.0,Construction,Divorced
18.820982453608654,38209.8538827325,57.0733729384489,14.0,Construction,Single
26.62154639486601,28112.788264380833,36.21730880370797,8.0,Tech,Married
47.42787693967698,70124.10847565811,57.832334114271255,8.0,Construction,Married
18.0,37498.73181238394,20.51070583689392,12.0,Healthcare,Married
57.16743338300727,46331.05301332004,48.30495422913581,16.0,Finance,Divorced
23.072367057340735,30153.82435914803,29.79473792919621,13.0,Manufacturing,Divorced
46.93106251886577,40911.70143608366,37.26307290148526,16.0,Education,Single
39.533691858279084,18650.720730240697,46.137620757961166,9.0,Construction,Single
28.267391637562042,74684.19797093168,23.21154581463447,16.0,Finance,Married
29.559516835202125,60183.41319859624,50.429755574474534,14.0,Retail,Single
37.97685288926781,108357.6924384365,43.81805097486356,9.0,Manufacturing,Married
35.85831809761314,64411.558674234715,33.957360854013025,14.0,Finance,Married
38.545750146172004,41885.79461524409,59.91005939077296,15.0,Healthcare,Married
25.485511183838135,44051.65700561376,57.84482512250905,12.0,Manufacturing,Widowed
47.64216744667781,103119.55442779705,38.453999930462786,9.0,Admin,Divorced
43.5794604786232,59332.06692859882,20.0,9.0,Construction,Divorced
61.52722718035299,38140.566522915295,48.553101427584814,8.0,Admin,Single
41.91414551996524,36663.73847396123,37.60889555423573,16.0,Admin,Married
27.45030248115099,53644.44135694983,43.33250359049023,11.0,Retail,Single
44.81647227396914,49196.172769572564,38.08521568419182,9.0,Manufacturing,Married
23.930358833273814,69495.41290528141,27.9883345336475,11.0,Admin,Married
18.0,48346.13668799596,29.11315941244536,12.0,Tech,Widowed
40.187818298223306,88016.3250426393,62.576345743881525,12.0,Education,Single
28.141999043230502,38666.99953071099,52.41349670588908,9.0,Admin,Married
65.0,27136.3092762304,28.390775045643288,9.0,Retail,Married
54.08405517798941,110305.47538309726,48.86891791051204,15.0,Tech,Divorced
40.09014867654545,90232.87487171711,31.72707935376313,11.0,Construction,Married
58.17457738412303,32848.0251284774,35.95382125236294,11.0,Admin,Divorced
23.560354796269714,46361.198274946175,43.60102521584975,14.0,Tech,Single
48.173101831365955,25340.371568624523,26.237986239751127,13.0,Tech,Single
60.113675694967284,24314.424585535533,32.82349432739452,15.0,Finance,Divorced
30.83752813474296,62766.9350562724,24.367611388024127,15.0,Education,Single
62.22837898135131,51879.29539254675,38.53354890239081,9.0,Healthcare,Widowed
58.842964753541324,38130.091890705306,44.108444790057,9.0,Healthcare,Single
32.849912140825,37697.967960560825,39.291165197897875,14.0,Finance,Married
48.70741535263607,91781.83521932494,22.343888637524195,15.0,Finance,Married
46.904171481066975,90471.92145679747,45.66084730408215,15.0,Healthcare,Married
39.397835946368886,50480.67548380631,38.30896086406608,13.0,Retail,Married
59.02616636715561,28414.909452742097,24.847524080652114,12.0,Construction,Single
27.683784883576063,90771.30526861556,20.0,8.0,Finance,Married
26.785142813271584,77756.39700812518,40.43042786351962,13.0,Education,Single
18.0,23035.03253777308,39.71046907680229,11.0,Finance,Single
36.99224970190714,24078.464039653252,30.49037602522131,13.0,Manufacturing,Married
34.30386595330216,80531.01675544471,34.51250993934413,14.0,Retail,Married
38.41514230679932,149176.32704159836,34.77850061123932,12.0,Admin,Married
38.89967243132206,34846.82258754073,51.43695522580535,14.0,Construction,Single
51.22675329236883,65770.71060879133,38.491136351950615,13.0,Admin,Married
49.7158401665252,26246.040687070137,31.444111188213302,15.0,Tech,Single
46.30787398506206,128751.98948002578,30.935092734661538,15.0,Retail,Married
36.00970881476516,111813.99664498339,20.0,12.0,Construction,Married
32.61357725773465,45324.170755396015,32.24108682543712,13.0,Manufacturing,Single
34.39420109284732,127310.91777470183,34.10434925096348,9.0,Education,Widowed
42.234053511000724,43324.71755109106,48.113676163000775,10.0,Admin,Divorced
27.41633278354063,81172.82613038896,30.91047640909945,13.0,Education,Married
38.18866157852117,86366.0043360606,55.189104117741955,16.0,Healthcare,Divorced
30.527259308817086,91502.76030607134,43.4216147878057,8.0,Education,Single
51.10760103731936,47703.85942899093,53.59543158602192,15.0,Healthcare,Single
50.06510353854854,93033.58719013825,41.94162318693204,15.0,Education,Divorced
30.538255750688275,28555.276558541835,26.08814398094824,13.0,Retail,Married
43.435840125715636,89570.87897640193,42.50600375127383,12.0,Manufacturing,Married
37.28348033715652,88651.59224643429,43.49980553802865,9.0,Healthcare,Divorced
53.81584614926629,133132.81141151104,31.951624509458345,8.0,Education,Single
29.478243057065278,102119.95936277616,38.93649456973704,9.0,Finance,Married
59.95120335181829,92377.40449871696,39.638352069397314,11.0,Healthcare,Married
53.19869488346083,32209.14271416469,45.03605366801666,10.0,Education,Married
43.020389078839784,101152.2625656015,30.989738573704162,11.0,Manufacturing,Divorced
41.92839823957092,78601.68882334932,22.435891860016383,14.0,Manufacturing,Married
42.88091726811934,38986.866674113146,46.911045938902284,9.0,Finance,Married
42.04237861246749,44095.46802461322,53.29131992026198,9.0,Tech,Single
47.39938304580721,22539.18198671335,54.52949411477686,8.0,Finance,Single
39.583042328163074,49005.82570920639,31.229686499442725,15.0,Admin,Single
37.641160074781844,47204.73536985348,53.331564223955155,16.0,Construction,Single
33.927242817467786,31510.061254959503,38.311951775578855,12.0,Admin,Married
38.757826225937556,97478.94869404277,47.58677372889814,15.0,Education,Single
29.804868483782723,47005.70985364678,55.297619930511836,13.0,Tech,Divorced
24.810555174611856,54585.61488113792,39.51077908805732,9.0,Finance,Married
49.89606135484199,34201.40833666868,29.110213017843375,15.0,Healthcare,Single
27.657262706668778,44810.02548598977,38.21474803235653,8.0,Retail,Single
31.25697091416925,32638.733755719906,40.511213463924214,9.0,Healthcare,Single
31.201408947777473,19704.886161259474,66.7760633571451,16.0,Tech,Single
46.547127017775686,35472.2277128182,37.268502919541284,15.0,Education,Married
24.25731901822574,97570.89944287766,47.06079712673236,11.0,Construction,Married
33.78024673452627,50737.88023242797,28.266940951680958,11.0,Manufacturing,Married
32.59507928947787,32182.048982420754,47.585739215530396,15.0,Tech,Married
43.754421364580956,38317.29753716048,61.49496326609997,9.0,Education,Married
39.810344136789276,29790.668473373633,53.38669452559679,15.0,Healthcare,Widowed
38.46563022793656,106027.70294017017,25.83012526632551,12.0,Retail,Married
37.39569580512238,81086.40915479435,48.736390597679,14.0,Admin,Married
48.66736920432139,42139.90205406731,43.214605505983315,12.0,Manufacturing,Single
31.225777203603748,31326.012021208917,32.40072702327761,12.0,Tech,Single
38.02311650664536,43794.7152898605,57.31135151631839,9.0,Finance,Single
37.65219079576393,53782.29508810789,25.761896163036873,8.0,Retail,Single
38.10930594989774,24013.74144768112,36.35997471742724,9.0,Healthcare,Single
55.54906693494662,50353.2576811497,34.469689132692395,8.0,Healthcare,Single
25.69496254300681,26754.90123073807,29.56675536220701,11.0,Admin,Married
20.23960457445317,101536.45526121906,39.438699362656784,12.0,Education,Divorced
44.73643959293915,26200.922662461096,43.69373011215268,8.0,Admin,Divorced
44.24025820947682,123398.31644641713,47.98457256949977,16.0,Tech,Widowed
33.69703741269451,68159.76408068354,41.34332505608848,10.0,Construction,Married
53.4531152874815,62831.82580091632,21.503311474963922,16.0,Construction,Married
53.15412279656034,49115.91000154673,33.03411867884543,15.0,Education,Married
36.32003241743672,26885.36752201838,42.07569347958013,13.0,Retail,Widowed
50.002426704474715,30503.681335994344,47.52493343385404,9.0,Retail,Single
39.13180889607707,59474.87998215221,36.50320929055914,8.0,Manufacturing,Widowed
26.161910285731107,83205.19065754295,37.293417611021574,9.0,Finance,Single
35.859075667385376,27203.501901560845,27.73020028345278,13.0,Retail,Single
45.10573755071584,26890.089901320578,55.60911029470443,13.0,Admin,Divorced
35.54667641377426,47324.38812792839,35.15029025852038,16.0,Tech,Single
27.839293558036708,43444.398092229865,39.44973004081516,9.0,Manufacturing,Single
51.79056731087241,82336.5335606837,52.19777165935645,12.0,Retail,Married
35.10102392497748,22666.58555603202,35.81062328141673,11.0,Manufacturing,Single
33.262732843033945,29780.259271050287,29.335350517810102,13.0,Admin,Married
46.22545347006184,73337.52587616046,51.19115145181734,14.0,Manufacturing,Married
21.386116100765516,91946.81440992972,38.57812386129908,11.0,Education,Married
28.48295965983941,36861.14940854136,33.92358197299734,12.0,Finance,Married
18.156537133087472,40275.280073927126,42.198362219214566,9.0,Finance,Married
49.39933085854997,23879.569587474718,35.70649771208227,12.0,Retail,Single
48.62057160574094,22665.56610330335,31.517348194339746,12.0,Construction,Single
34.62851265090877,60779.926508056276,47.392139801379265,12.0,Education,Single
47.89485941546803,89336.91496975318,58.78242718985344,15.0,Finance,Divorced
41.39269268961988,21883.225521503362,54.3229231254639,10.0,Construction,Single
54.65495836622254,23969.675356019077,33.18812547335418,13.0,Healthcare,Married
32.09465870358058,88673.96622939743,44.668860593206496,11.0,Construction,Married
60.12972940925895,37019.51425642925,41.34241252453667,11.0,Education,Divorced
49.709323746456576,90101.3050760262,45.47969270138793,15.0,Education,Single
23.864194262212468,77031.47131738043,38.63432784816048,11.0,Education,Single
18.877601922636696,64306.23626875296,43.68985220734413,12.0,Retail,Single
43.09294865665473,43113.274692952116,43.09811107809506,13.0,Admin,Divorced
27.914606695969834,81842.1187498947,49.83002385579391,8.0,Admin,Married
60.00640661153365,40589.612077592465,49.13171040070055,12.0,Construction,Single
29.34216979506492,28043.65251250231,49.14044098353022,13.0,Construction,Divorced
25.534818609835934,24993.4431904724,22.30129183046213,15.0,Retail,Married
45.58822195857703,38734.773860370355,30.63566238885577,11.0,Finance,Married
40.63081297478535,49114.3866376193,23.136727913366148,12.0,Tech,Single
28.37877875316023,35871.058106647295,32.57854173414015,8.0,Education,Single
43.0780586943112,100347.27918338,47.51461936202072,15.0,Manufacturing,Married
39.54091243599515,40688.344026823965,32.766964363906816,14.0,Manufacturing,Married
32.07961922927297,62536.813122873304,30.79407833284075,13.0,Retail,Married
42.67717259691705,28371.232573922185,32.77742053529325,8.0,Retail,Married
32.78646768348304,39004.9927056993,37.32540039654634,15.0,Tech,Divorced
18.0,90295.4778842807,25.697831140923984,16.0,Manufacturing,Divorced
34.512278681595376,47402.57998114634,44.40873438265804,16.0,Retail,Divorced
29.454171574614197,30328.80562646863,42.41986255351968,10.0,Manufacturing,Single
51.16925345339533,37501.255857620476,29.082031690939466,10.0,Construction,Single
23.14724307262866,50342.51447039378,29.698864924772536,16.0,Manufacturing,Single
34.28398636509544,79479.08040983658,45.413275008687435,10.0,Manufacturing,Married
18.129232527545607,82341.12251135937,39.457372781502784,12.0,Healthcare,Married
38.55143342635081,55342.86771448167,51.036985410527734,15.0,Retail,Single
40.61333925971282,26181.896027912877,53.61319665039723,13.0,Admin,Married
40.25196303570294,34714.67771869472,37.642889000795655,10.0,Finance,Married
41.401680342288905,44084.20657381271,39.91913794985911,15.0,Construction,Married
53.39916567321931,50817.582380262305,33.97918925923239,10.0,Finance,Married
29.49915495458377,35829.77323410647,38.22224494554845,12.0,Manufacturing,Single
46.47574902720854,61248.90178439853,50.5635889032283,11.0,Education,Single
52.185608074846435,40041.6567059406,60.435184856624836,10.0,Construction,Married
58.28245202037159,48953.90759413549,38.58436421619492,12.0,Tech,Single
45.26486804461244,103089.36640342187,51.27867083152787,12.0,Education,Single
44.38198719179308,33359.43003270401,37.372620101082376,13.0,Manufacturing,Single
26.738431314299845,48229.228763987194,22.998228250826067,10.0,Construction,Married
53.15088426278491,62434.47230676093,37.6105198799046,8.0,Admin,Married
61.99336667759174,35581.269109463516,35.209391705004165,11.0,Education,Married
43.719647384732234,73038.39868728322,41.026088583012786,12.0,Education,Single
32.66608843651819,78068.720243787,55.16398899198963,9.0,Manufacturing,Married
40.38264298051475,37125.992432331666,24.01837840877561,10.0,Admin,Married
18.0,34099.32775098873,48.73870657077996,9.0,Healthcare,Married
39.58313127588595,45511.545805042384,48.4739289961749,14.0,Healthcare,Married
45.749243876898944,93062.56092195425,34.06217903360276,9.0,Healthcare,Widowed
39.54138382268053,19752.266760734965,32.237566976364704,15.0,Retail,Single
27.843753494262536,47176.34969239823,30.06361166647117,10.0,Admin,Single
19.10023175517268,108233.3581717775,51.459294469294946,15.0,Healthcare,Married
35.484080287681884,42974.272381634226,43.006833219734865,14.0,Admin,Married
24.971364654225628,38195.26465397608,23.65396064032957,10.0,Manufacturing,Single
34.16061312613936,84708.65309370488,54.56714704168776,11.0,Healthcare,Married
18.0,34004.53919010208,45.86971794365939,9.0,Healthcare,Married
45.19684321631643,35102.63680086918,30.59581088417755,11.0,Education,Single
46.90646958475364,40275.11763291461,40.056500591495045,12.0,Construction,Divorced
18.0,109280.3414543265,37.927763710035464,10.0,Healthcare,Married
32.51984003772442,103632.2181119362,43.64891318132935,10.0,Education,Married
30.692253542025814,40500.6967727386,37.23663170795365,12.0,Tech,Single
23.727586402790866,38280.205807088554,29.10764794864179,15.0,Manufacturing,Single
27.781761118099062,37838.203188160995,37.3190083196758,12.0,Healthcare,Widowed
37.45500057150433,100145.0681011217,54.66195567662039,10.0,Tech,Married
46.74260219017511,90114.84024483802,37.22749011197554,13.0,Finance,Married
30.125159127321027,86784.21292853166,29.00278065701045,10.0,Education,Widowed
29.378235889467735,35073.4167957451,25.497249923930948,8.0,Finance,Married
22.93191529930624,81675.82867726056,33.76215558584789,10.0,Construction,Married
42.154741547817636,60868.487250590646,42.38781212782808,9.0,Finance,Married
23.012287794083395,19792.58705410797,50.790852141339464,12.0,Retail,Divorced
48.0233323181853,104618.21941895018,41.97288285201543,10.0,Retail,Married
18.29367728625041,37742.98299274675,41.77242735965003,10.0,Tech,Married
48.28181810648192,50100.360310932876,56.21227299657468,14.0,Admin,Single
48.591229376884286,33699.10613428107,48.613834418917,9.0,Tech,Divorced
59.52210147067521,79333.93562177806,25.773906941025654,11.0,Retail,Divorced
55.35289909029681,50214.103926477845,33.72919098364297,13.0,Construction,Married
42.398327099166195,45020.17883482676,35.37193263556403,10.0,Healthcare,Divorced
37.0458397330278,25811.87991629259,30.610914603192874,8.0,Finance,Widowed
25.743720703424692,38164.81216592659,29.81615541494009,8.0,Finance,Single
29.477331288658505,38437.105926009404,45.662331089393625,16.0,Manufacturing,Married
18.0,31723.414009987595,31.41965739540067,11.0,Admin,Single
36.18244590763332,94744.19703141578,34.90536917355527,15.0,Finance,Single
21.6815261505534,88251.60270468432,33.38192465572114,10.0,Manufacturing,Married
42.899457174161824,23993.989559110516,45.392452130770124,11.0,Tech,Widowed
43.44239536162103,123013.74125289312,32.742374152726214,9.0,Healthcare,Single
51.88643613772503,34517.8268465892,47.66721216151508,12.0,Education,Married
33.251270646611296,30926.517571672808,29.18206058076455,9.0,Healthcare,Married
57.00045818986464,104683.52273654036,28.277118583909786,13.0,Manufacturing,Married
35.73352042963879,83320.14377583654,47.20259489159066,16.0,Education,Single
18.0,37319.53262342355,55.33915744421873,15.0,Tech,Single
38.62116222883072,47328.257621269375,34.30448665413931,15.0,Manufacturing,Widowed
44.42378579993044,46011.002239394045,39.77696613295853,12.0,Education,Single
33.30959318681873,33865.02553474477,37.05992972640313,16.0,Education,Married
58.69328396465977,96528.1026678288,55.14286992443632,12.0,Admin,Divorced
38.738409409421,50718.203358273626,46.17728055074274,9.0,Finance,Married
22.17058138303157,38940.885352650075,55.73961970773964,16.0,Admin,Married
50.78730058455122,29663.260407337562,36.363086611377426,14.0,Retail,Single
33.380324789644085,117492.85546865364,20.0,15.0,Tech,Married
25.418591276621413,35134.02611703588,32.85202399674287,12.0,Manufacturing,Single
36.71366628147658,26998.29436011055,38.491325520590095,10.0,Admin,Single
26.365506332475576,35824.9788768717,40.27003803956128,13.0,Manufacturing,Married
38.52461872859053,43139.3755365041,35.52500249856675,11.0,Retail,Married
45.735036023172945,39043.29720168538,41.683948464115424,11.0,Education,Divorced
56.77473380225802,85879.93236988739,40.798324174790906,13.0,Manufacturing,Single
63.561987566964575,67584.57781598516,54.47169134978016,15.0,Construction,Single
39.2445412932599,44267.06874242788,36.14866670903463,15.0,Manufacturing,Single
65.0,23914.766191977116,30.447387063072686,13.0,Education,Married
24.531388884222988,103249.29482554665,35.57530246024449,15.0,Retail,Single
43.000497697905544,31505.48885905164,50.44180483156501,10.0,Finance,Single
31.92623735099043,92453.45609067837,45.94804235462116,12.0,Tech,Married
25.015652150082254,101314.8144787405,34.743797676214285,11.0,Finance,Single
23.15266039909439,42167.57079074291,24.247150158287422,13.0,Admin,Single
34.939587746239965,40740.55165220796,52.36528059231075,14.0,Finance,Married
51.174273307798586,28824.143552947815,20.0,10.0,Education,Single
37.35023701459289,34351.480423586094,41.48669758127747,8.0,Manufacturing,Single
34.766004540599006,97696.8926862719,39.96240395452808,8.0,Admin,Single
65.0,36901.168470468256,59.354199682343,13.0,Construction,Single
21.678186282572817,39765.979696704264,51.27855905944585,15.0,Retail,Divorced
18.0,42738.06373826917,51.48227489775509,14.0,Finance,Single
58.975910668004275,48241.63278718093,37.729880433988924,15.0,Finance,Married
55.36572467963104,33248.048341673995,34.61812821369689,14.0,Healthcare,Single
54.57663734084981,38797.351908576704,41.5462175161116,14.0,Tech,Married
59.54915652521668,51247.09366343285,48.310410197328466,14.0,Healthcare,Married
45.6102080878917,44699.68125873856,58.93801392636463,16.0,Healthcare,Married
58.30007829356023,144288.06640013354,43.84887416898224,15.0,Manufacturing,Married
48.801060061884336,64237.3570143355,46.52647808152825,9.0,Construction,Single
34.10517978620745,62979.55481295646,53.48911042617041,10.0,Healthcare,Widowed
23.100847533745764,39981.16662994238,43.39263160536522,10.0,Healthcare,Married
63.580473259790885,43224.28249234153,29.064072475501433,10.0,Healthcare,Married
65.0,77076.58614203647,35.18852108084683,13.0,Tech,Divorced
52.97257325833961,93740.55557164551,23.948258316985363,15.0,Healthcare,Married
29.005377414790587,103593.87853264243,43.930527565375996,15.0,Retail,Married
51.904496924356515,110050.3492641675,46.17947448628928,10.0,Retail,Married
32.583003670575394,81085.89119348787,35.0066585742723,11.0,Manufacturing,Single
28.995257763843426,40484.41164136418,36.34761599219899,15.0,Manufacturing,Widowed
34.964893349197645,42575.26962454121,32.864025306153444,14.0,Retail,Married
25.781781474231565,20256.37161509719,36.02207885695457,10.0,Finance,Single
30.415042821035556,32530.67516803328,40.75891503133441,14.0,Tech,Single
44.66217113679749,31838.653686751506,31.899927668735433,8.0,Healthcare,Married
41.509560528730006,43031.227008913156,33.86218633439619,13.0,Construction,Married
43.8440783848435,55711.613992933075,36.57415181309961,9.0,Admin,Single
46.943911070237306,108917.09474177287,48.611874245342165,14.0,Finance,Divorced
36.01761644162075,36954.80542960555,44.77385516610572,12.0,Manufacturing,Married
39.40788154791816,43879.79573292076,35.021231896968445,12.0,Construction,Married
30.101889540071593,40553.00482692974,36.30101943290214,12.0,Manufacturing,Married
29.568243995247098,68042.59711342247,40.6855428213357,13.0,Manufacturing,Married
27.402788848201997,72906.4653541723,51.03141674892719,8.0,Education,Married
38.632159003603626,79469.45873988983,33.507253802298486,13.0,Retail,Single
58.180708114856074,27917.98823213228,42.32505063991577,15.0,Admin,Married
62.96387348355535,41699.73636487224,24.238953090743088,13.0,Manufacturing,Married
43.17220769562282,90028.02203931485,32.20017316997347,13.0,Manufacturing,Married
26.63982898811039,86228.17135654208,37.32396849481997,10.0,Admin,Married
27.899489388564383,36452.86188406931,43.67368610369516,10.0,Manufacturing,Married
22.870884184252525,31539.639988571296,31.73893586503678,10.0,Construction,Married
55.23849502804942,86462.27792167163,33.17273262488232,8.0,Education,Married
50.016269772933974,27327.873115183553,35.079556025113135,12.0,Education,Divorced
62.9606219846133,74827.54379447704,40.90901020740081,8.0,Construction,Married
57.61474777365428,87546.29736307419,38.421096490456335,16.0,Construction,Divorced
